{
  "target_variable": "betweenness",
  "min": 0.0,
  "max": 0.3082681894302368,
  "mean": 0.03035895898938179,
  "std": 0.05619238317012787
}