{
  "target_variable": "indirect_damage_score",
  "min": 0.0,
  "max": 88.98741149902344,
  "mean": 5.773068428039551,
  "std": 9.022085189819336
}