{
  "target_variable": "indirect_damage_score",
  "min": 0.0,
  "max": 4.499670028686523,
  "mean": 1.3782905340194702,
  "std": 0.9735524654388428
}